platform,placement,status,scheduled_for,campaign_name,deleted_at,body
facebook,feed,posted,2026-01-10T11:17:24.056+00:00,Quiz Night - February 4th 2026,,"Get your thinking caps ready for Quiz Night on Wednesday 4 February at 7pm! Our February edition is packed with questions inspired by Valentine‚Äôs, Pancake Day, and all things seasonal ‚Äî but fun for everyone, no matter your speciality. Gather a team (up to six), or come along and we‚Äôll help pair you up. Entry‚Äôs just ¬£3 per person, cash only, with fab prizes including a ¬£25 bar voucher and even a bottle of wine for second-to-last place ‚Äî because everyone deserves a cheer! Arrive from 6:45pm and be seated by 6:55pm so we can start sharp. Book now to guarantee your spot and enjoy a meal from our kitchen before the quiz kicks off. #theanchor #PubQuiz #CityNightOut
Book now: https://vip-club.uk/fb69cc15."
instagram,feed,posted,2026-01-10T11:17:24.056+00:00,Quiz Night - February 4th 2026,,"Get your thinking caps on for Quiz Night at we! Wednesday 4 February, 7pm sharp ‚Äì a fun evening of tricky questions, a cheeky mini-challenge, and plenty of laughs. Teams up to 6, ¬£3 per person cash, food served until 9pm. Whether you‚Äôre flying solo or with mates, we‚Äôll find you a team. Book now to secure your spot! Details in bio. #theanchor #QuizNight #PubQuiz #StanwellMoor #MidweekFun #PubLife #Trivia #PancakeDay #ValentinesVibes #BookNow.
See the link in our bio for details."
instagram,feed,posted,2026-01-14T07:00:00+00:00,Quiz Night - February 4th 2026,,"Ready for a midweek laugh and a bit of brain-teasing fun? Join us on Wednesday 4 February at 7pm for our February Quiz Night. Expect seasonal questions, friendly competition, and a relaxed vibe ‚Äî plus great prizes to be won! Gather your team or come solo, we‚Äôll help you find one. Seats fill fast, so book now and let the fun begin. Details in bio to book. #theanchor #pubquiz #quiznight #stanwellmoor #midweekfun‚Ä¶
See the link in our bio for details."
facebook,feed,posted,2026-01-14T07:00:00+00:00,Quiz Night - February 4th 2026,,"Wednesday 4 February at 7pm ‚Äî it‚Äôs time for our February Quiz Night! Gather your mates for a mix of fun rounds inspired by Valentine‚Äôs, Pancake Day, and all things seasonal. Whether you‚Äôre a quiz whizz or just fancy a laugh, it‚Äôs the perfect midweek treat. Teams up to six, ¬£3 per person, and a chance to win a ¬£25 bar voucher or even a bottle of wine for second-to-last! Food‚Äôs available from 6pm if you fancy making a night of it. Arrive by 6:55pm for a prompt start. Walk-ins welcome but booking is wise to guarantee your spot. Book now and let the friendly competition begin! #theanchor #quiznight #midweekfun
Book now: https://vip-club.uk/fb69cc15."
instagram,story,posted,2026-01-14T10:35:00.435+00:00,Quiz Night Story,,
facebook,story,posted,2026-01-14T10:35:00.435+00:00,Quiz Night Story,,
instagram,feed,posted,2026-01-16T07:00:00+00:00,Sunday Lunch Last Call,,"Sunday Lunch Last Call is here! Our classic roasts are freshly cooked to order and just waiting for you. Remember, all Sunday lunch orders must be in by 1pm Saturday ‚Äî no stress, just deliciousness. Think triple herb crusted roasties, fluffy Yorkshires, fresh veg, and our signature gravy. Come for the lunch, stay for the warm welcome. Check the link in our bio to book your Sunday feast. #theanchor #SundayLunch #RoastDinner #YorkshirePudding #FreshFood #FamilyTime #PubClassics #SundayTreat #PreOrder #SundayFeast."
facebook,feed,posted,2026-01-16T07:00:00+00:00,Sunday Lunch Last Call,,"Sunday Lunch Last Call: Week 1 is here! Our classic Sunday roast is cooked fresh to order and demands a little planning ‚Äî all lunch orders must be placed by 1pm on Saturday. Don‚Äôt worry, our regular menu is still packed with pub favourites if you fancy something different on the day. But those triple herb-crusted roast potatoes, fluffy Yorkshire puddings, fresh veg, and our signature gravy? That‚Äôs a tradition worth savouring. Tables under six require no deposit, and larger parties just ¬£5 per head. Secure your spot for a proper Sunday feast at we this weekend. Order your Sunday lunch in time and join us for a meal you won‚Äôt forget! #theanchor #SundayLunch #PubClassics
Learn more: https://www.the-anchor.pub/."
instagram,feed,posted,2026-01-17T07:00:00+00:00,Toby Urguhart Valentines Day,,"Save the date: Saturday 14 February from 8pm! Toby Urquhart brings live soulful classics to we for a Valentine‚Äôs party night like no other. Whether with your other half, mates, or family, join us for great food, music, drinks, and a lively atmosphere. Book a table from 6pm for dinner, or just drop in to enjoy the tunes. Prosecco bottles at ¬£19.99 for the night! Find out more. #theanchor #ValentinesDay #LiveMusic #StanwellMoor‚Ä¶
See the link in our bio for details."
facebook,feed,posted,2026-01-17T07:00:00+00:00,Toby Urguhart Valentines Day,,"Mark your diaries for Saturday 14 February at 8pm‚Äîour first Live at we night of 2026 with the fantastic Toby Urquhart! Whether you're celebrating Valentine‚Äôs Day with a loved one, meeting mates, or bringing the family, join us for a lively party night filled with soulful tunes spanning the last 50 years. Enjoy a full menu from 6pm‚Äì9pm, then stick around for our speedy pizza late menu until 10:30pm. Prosecco bottles are also ¬£19.99 on the night‚Äîcheers to that! Free entry, no tickets needed. Book a table from 6pm to dine or just turn up for the music and great vibes. Find out more and get ready to party with us! #theanchor #LiveAtTheAnchor #ValentinesParty
Find out more: https://vip-club.uk/fbd21c5e."
facebook,feed,posted,2026-01-19T18:48:06.817+00:00,Music Bingo,,"Get ready for a cracking night of Music Bingo at we on Wednesday 11 February, from 7pm! With nearly 200 tunes from the 50s to today, it‚Äôs the perfect midweek treat for all ages. Fancy winning some lovely prizes? Mark your bingo cards as you listen ‚Äì chocolate, a ¬£10 food voucher, and a bottle of Prosecco could be yours! Enjoy stone-baked pizzas and our full menu from 4pm to 9pm. Whether you‚Äôre here to sing along or simply soak up the fun, it‚Äôs a night not to miss. Book now to secure your spot ‚Äì we can‚Äôt wait to see you there! #theanchor #MusicBingo #FamilyNight
Book now: https://vip-club.uk/fb8fbe16."
instagram,feed,posted,2026-01-19T18:48:06.817+00:00,Music Bingo,,"Get ready for Music Bingo at we on Wednesday 11 February from 7pm! üé∂ Sing along and mark your cards as we play two rounds of hits from the 50s to today. Win chocolate, food vouchers, or even a bottle of Prosecco ‚Äî plenty of chances to take home a prize! Bring the family, share some stone-baked pizza, and make midweek memorable. Book now ‚Äî details in bio.
Book now via the link in our bio.
#theanchor #MusicBingo #MidweekFun #FamilyFriendly #LiveMusic #Prosecco #PizzaNight #BingoNight #WinPrizes #GoodTimes."
facebook,feed,posted,2026-01-21T07:00:00+00:00,Quiz Night - February 4th 2026,,"Ready for a night of fun and friendly rivalry? Join us on Wednesday 4 February at 7pm for our February Quiz Night at we. Expect questions themed around Valentine‚Äôs, Pancake Day, and the season, with plenty of variety to keep everyone involved. Bring a team of up to six or come solo ‚Äî we‚Äôll help you find a spot. Entry is just ¬£3 per person, cash only, and the kitchen‚Äôs open from 6pm if you want to settle in with a meal first. Fancy winning a ¬£25 bar voucher? Or maybe a cheeky bottle of wine for second-to-last? Spaces fill fast, so book now and secure your place! #theanchor #quiznight #pubquiz
Book now: https://vip-club.uk/fb69cc15."
instagram,feed,posted,2026-01-21T07:00:00+00:00,Quiz Night - February 4th 2026,,"Put your thinking caps on for Quiz Night at we! Join us Wednesday 4 February at 7pm for a fun-filled evening of February-themed questions and friendly banter. Teams up to 6, ¬£3 per person entry, and plenty of prizes to be won. Arrive early from 6:45pm for a seat and a chance to settle in. Book now to guarantee your spot ‚Äî solo players welcome! Details and booking info in bio. #theanchor‚Ä¶
See the link in our bio for details."
facebook,story,scheduled,2026-01-21T07:00:00+00:00,Quiz Night Story,2026-01-19T21:35:49.367+00:00,
instagram,story,scheduled,2026-01-21T07:00:00+00:00,Quiz Night Story,2026-01-19T21:35:51.319+00:00,
instagram,feed,posted,2026-01-23T07:00:00+00:00,Sunday Lunch Last Call,,"Sunday Lunch Last Call ‚Äî Week 2 is here! Don‚Äôt forget to pre-order your delicious Sunday roast by 1pm this Saturday. Enjoy triple herb crusted roasties, fluffy Yorkshire puddings, fresh veg, and our signature gravy. Not feeling a roast? Our regular menu‚Äôs packed with classic pub favourites too. No deposit needed for under six, just ¬£5 per head for larger tables. Check the link in our bio to book your Sunday feast!‚Ä¶
See the link in our bio for details."
facebook,feed,posted,2026-01-23T07:00:00+00:00,Sunday Lunch Last Call,,"Last call for our famous Sunday Lunch next week! Remember, all orders must be in by 1pm on Saturday to enjoy our triple herb crusted roast potatoes, fluffy Yorkshire puddings, fresh vegetables, and signature gravy‚Äîall cooked fresh to order. Prefer to pop in without pre-ordering? Our regular menu is just as packed with flavour and pub classics to satisfy your cravings. Tables of six or fewer don‚Äôt need a deposit, but groups larger than that require just ¬£5 per head. Don‚Äôt miss out on this timeless treat‚Äîsecure your Sunday spot with us today! #theanchor #SundayLunch #PubClassics
Learn more: https://www.the-anchor.pub/."
instagram,feed,posted,2026-01-24T07:00:00+00:00,Toby Urguhart Valentines Day,,"Saturday 14 February is not just Valentine‚Äôs ‚Äî it‚Äôs our first Live at we night of 2026! üé∂ Join us from 8pm for Toby Urquhart‚Äôs soulful acoustic set, then party tunes until midnight. Pop in for dinner from 6pm or just drinks and music. Prosecco bottles at a Valentine‚Äôs special ¬£19.99 too! Everyone‚Äôs welcome ‚Äî couples, mates, families, all of you. Free entry, no tickets. Find out more.
Find out more via the link in our bio.
#theanchor #livemusic #ValentinesDay #SurreyNights #StanwellMoor #AcousticNight #PartyVibes #Prosecco #PizzaLateMenu #SaturdayNight."
facebook,feed,posted,2026-01-24T07:00:00+00:00,Toby Urguhart Valentines Day,,"Save the date: Saturday 14 February at 8pm for Toby Urquhart live at we! Our first ‚ÄúLive at we‚Äù night of 2026 is a proper Valentine‚Äôs party for everyone‚Äîcouples, mates, families, or anyone up for a brilliant night out. Enjoy soulful vocals, classics from the last 50 years, a full menu till 9pm, then pizza plates till 10:30pm. Pop in for live music, drinks, and a lively party atmosphere until midnight. Entry‚Äôs free, no tickets needed. Fancy dining? Book a table from 6pm, last bookings 8:30pm. Find out more and get ready to celebrate love, friendship, and great tunes with us! #theanchor #livemusic #valentinesparty
Find out more: https://vip-club.uk/fbd21c5e."
instagram,feed,posted,2026-01-25T07:00:00+00:00,Cash Bingo,,"Eyes down for Cash Bingo at we on Wednesday 18 February, 7pm! Ten exciting games, spot prizes, and the chance to win the Game 10 Cash Jackpot. Bring a mate, enjoy great food and drinks, and join the fun atmosphere. Seats are limited and always fill fast, so don‚Äôt miss out. Book now to secure your spot for a lively night of laughs and thrills. Details in bio. #theanchor #cashbingo #bingonight #jackpot‚Ä¶
See the link in our bio for details."
facebook,feed,posted,2026-01-25T07:00:00+00:00,Cash Bingo,,"Eyes down for Cash Bingo at we on Wednesday 18 February from 7pm! Join us for ten lively games, spot prizes, and double the fun when you bring a mate. With a Cash Snowball for our loyal players and a Game 10 Cash Jackpot open to all, there‚Äôs plenty to cheer about. Book early to secure your spot ‚Äî once the limited seats are gone, they‚Äôre gone! Arrive early for dinner and drinks; the kitchen‚Äôs open from 4pm to 9pm. Ready for a night full of laughter, prizes, and good times? Book now and let the games begin! #theanchor #bingo #midweekfun
Book now: https://vip-club.uk/fb01cb76."
facebook,feed,posted,2026-01-26T07:00:00+00:00,Private Hire Promotion,,"Planning a big celebration in 2026? Book your party at we by 28 February and we‚Äôll kick things off with 4 bottles of prosecco ‚Äì on us ü•Ç. Whether it‚Äôs a milestone birthday, family gathering, or corporate event, our flexible spaces welcome 10 to 200 guests with free parking, step-free access, and personalised support. Remember, this offer is for new 2026 bookings only with a minimum of 30 guests, and your deposit must be paid by 28 February to qualify. Dates are already filling up fast, so don‚Äôt miss out! DM us to check your date or call 01753 682707 for a quick quote. T&Cs apply.
#theanchor #PrivateHire #Party2026
Learn more: https://vip-club.uk/4zdglj."
instagram,feed,posted,2026-01-26T07:00:00+00:00,Private Hire Promotion,,"Planning a big 2026 celebration? Book your party by 28 Feb and we‚Äôll start it with 4 free bottles of prosecco ü•Ç Whether it‚Äôs a milestone birthday, family gathering, or work event, we‚Äôve got you covered with flexible spaces for 30 to 200 guests, free parking, and step-free access. Deposit must be paid by 28 Feb to secure your date. DM us to check availability. Details in bio. #theanchor #privatehire #proseccooffer #partypackage‚Ä¶
See the link in our bio for details."
facebook,feed,posted,2026-01-27T07:00:00+00:00,Music Bingo,,"Get ready for a night of fun and tunes at Music Bingo on Wednesday 11 February from 7pm! We‚Äôll be playing nearly 200 songs spanning the 1950s to today, perfect for singing along and sharing laughs with friends and family. With three chances to win in each game‚Äîa bar of chocolate, a ¬£10 food voucher, or a bottle of Prosecco‚Äîthere‚Äôs plenty of reasons to join in. Fancy a bite? Our stone-baked pizzas and full menu are available from 4pm to 9pm. Spaces fill up fast, so be sure to book now and secure your spot for a memorable midweek night out. #theanchor #MusicBingo #FamilyFun
Book now: https://vip-club.uk/fb8fbe16."
instagram,feed,posted,2026-01-27T07:00:00+00:00,Music Bingo,,"Get ready for Music Bingo at we on Wednesday 11 February at 7pm! With nearly 200 songs from the 50s to today, it‚Äôs a night full of fun, laughs, and great tunes for all ages. Join us for two lively games, fab prizes, and delicious stone-baked pizzas to share. Whether you‚Äôre buzzing for a singalong or fancy a friendly challenge, there‚Äôs something for everyone. Book now to reserve your spot.
Check the‚Ä¶
See the link in our bio for details."
instagram,feed,posted,2026-01-28T07:00:00+00:00,Quiz Night - February 4th 2026,,"Quiz Night returns next Wednesday, 4 February, at 7pm sharp! üìù Join us for a fun-filled February edition with themed rounds and a cheeky mini challenge. Teams up to six, just ¬£3 per person. Arrive early to get settled by 6:55pm ‚Äî we‚Äôll help solo players find a team. Fancy a meal beforehand? Our kitchen‚Äôs open 6pm‚Äì9pm. Book now to secure your spot! Details in bio. #theanchor #quiznight #stanwellmoor #pubquiz #midweekfun #puzzleandpint‚Ä¶
See the link in our bio for details."
facebook,feed,posted,2026-01-28T07:00:00+00:00,Quiz Night - February 4th 2026,,"Next Wednesday, 4 February, join us for our February Quiz Night at 7pm sharp. Grab your mates or come solo ‚Äî we‚Äôll help you find a team. Expect fun rounds inspired by Valentine‚Äôs, Pancake Day and more, with prizes including a ¬£25 bar voucher and spot drinks to be won! The kitchen‚Äôs open from 6pm if you fancy a bite before we start. Entry‚Äôs ¬£3 cash per person; seating from 6:45pm with a prompt 6:55pm arrival for your team. Booking‚Äôs recommended to guarantee your spot ‚Äî book now to save your place. Let the good times roll! #theanchor #pubquiz #stanwellmoor
Book now: https://vip-club.uk/fb69cc15."
facebook,story,scheduled,2026-01-28T07:00:00+00:00,Quiz Night Story,2026-01-19T21:35:59.976+00:00,
instagram,story,scheduled,2026-01-28T07:00:00+00:00,Quiz Night Story,2026-01-19T21:36:01.205+00:00,
facebook,feed,posted,2026-01-29T07:00:00+00:00,Cash Bingo,,"Eyes down on Wednesday 18 February at 7pm for a night of Cash Bingo at we! Join us for ten buzzing games, spot prizes, and two exciting jackpots ‚Äî including the Game 10 Cash Jackpot open to all and the exclusive Snowball for qualifying players. Bring a mate, book early (¬£10 per book, cash on the night), and secure your seat for an electric evening filled with laughs and cheer. Arrive early for dinner or a drink and make it a proper night out. Seats fill fast, so don‚Äôt delay‚Äîbook now and get ready for a cracking midweek treat! #theanchor #CashBingo #BingoNight
Book now: https://vip-club.uk/fb01cb76."
instagram,feed,posted,2026-01-29T07:00:00+00:00,Cash Bingo,,"Eyes down for Cash Bingo at we on Wednesday 18 February at 7pm! Ten exciting games, spot prizes, and cash jackpots await. Book early ‚Äî seats are limited and go fast! Bring a mate and double the fun (and chances to win). Don‚Äôt miss the Snowball and Game 10 jackpots. Arrive early for drinks and dinner before the games begin. Book now.
Details in bio. #theanchor #CashBingo #BingoNight #LocalPub #MidweekFun #Jackpot #WinBig‚Ä¶
See the link in our bio for details."
instagram,feed,posted,2026-01-30T07:00:00+00:00,Sunday Lunch Last Call,,"Sunday Lunch Last Call ‚Äî Week 3 is here! Don‚Äôt forget to pre-order your Sunday lunch by 1pm on Saturday to enjoy our fresh, hearty roasts with triple herb crusted roasties, fluffy Yorkshires, fresh veg, and signature gravy. Joining us Sunday without pre-order? Our regular menu is packed with delicious pub classics to keep you satisfied. Bookings for six or more require a ¬£5 deposit per head; under six, no deposit needed.‚Ä¶
See the link in our bio for details."
facebook,feed,posted,2026-01-30T07:00:00+00:00,Sunday Lunch Last Call,,"It‚Äôs Sunday Lunch Last Call ‚Äî Week 3! Our classic roasts, with triple herb-crusted roast potatoes, fluffy Yorkshire puddings, fresh vegetables, and our signature gravy, are cooked fresh to order. To enjoy this proper feast, please remember to pre-order by 1pm on Saturday. Fancy a bite on Sunday without the pre-order? Our regular menu is packed with pub favourites and full of flavour. Tables of six or fewer don‚Äôt need a deposit; groups larger than six will need to secure your booking with ¬£5 per person. Gather your loved ones and treat yourselves to a traditional Sunday roast like no other. Pre-order on our website today and make it a Sunday to remember. #theanchor #SundayLunch #RoastDinner
Learn more: https://www.the-anchor.pub/."
instagram,feed,posted,2026-01-31T07:00:00+00:00,Toby Urguhart Valentines Day,,"Save the date: Saturday 14 February at 8pm for Toby Urquhart Valentine‚Äôs Party Night ‚Äî our first Live at we of 2026! üé∂ Whether you‚Äôre with your other half, mates, or family, join us for a brilliant Saturday night of soulful tunes, great food, and fizz.
Full menu from 6pm, live music 8‚Äì10pm, then party vibes till midnight. Find out more. Details in bio.
Find out more via the link in our bio.
#theanchor #livemusic #valentines2026 #surreypubs #stanwellmoor #partytime #soulfulsounds #pizzaandprosecco."
facebook,feed,posted,2026-01-31T07:00:00+00:00,Toby Urguhart Valentines Day,,"Love is in the air, but this Valentine‚Äôs Day at we is for everyone! Join us Saturday 14 February from 8pm for Live at we with the brilliant Toby Urquhart ‚Äî soulful vocals and classics to get you singing along. Whether you‚Äôre dining, just after the music or both, we‚Äôve got you covered with our full menu 6‚Äì9pm and a speedy pizza-only late menu until 10:30pm. Prosecco bottles will be just ¬£19.99 all night. Entry is free, no tickets needed. Book your table from 6pm to dine or simply drop in for a proper party night. Find out more. #theanchor #LiveMusic #ValentinesDay2026
Find out more: https://vip-club.uk/fbd21c5e."
facebook,feed,posted,2026-02-01T07:00:00+00:00,Quiz Night - February 4th 2026,,"This Wednesday (4 February), sharpen your wits and gather your mates for our February Quiz Night! Expect a bit of Valentine‚Äôs, Pancake Day, and seasonal fun‚Äîplus rounds that anyone can enjoy. Arrive from 6:45pm, we start promptly at 7pm. Teams up to six, just ¬£3 per person (cash for entry). Flying solo? No worries, we‚Äôll slot you into a team. Fancy some grub? Our kitchen‚Äôs open 6pm‚Äì9pm, so you can dine while you play. Fabulous prizes up for grabs and a lively, friendly atmosphere to boot. Book now to secure your spot and make it a night to remember. #theanchor #quiznight #stanwellmoor
Book now: https://vip-club.uk/fb69cc15."
instagram,feed,posted,2026-02-01T07:00:00+00:00,Quiz Night - February 4th 2026,,"This Wednesday (4 February), our February Quiz Night returns at 7pm sharp! Fancy a fun midweek break with questions on Valentine‚Äôs, Pancake Day and more? Teams of up to six, cash entry ¬£3 per person. Arrive by 6:55pm to join in or be teamed up. Enjoy a meal beforehand ‚Äì kitchen open from 6pm. Prizes, laughs and friendly rivalry guaranteed. Book now. Details in bio. üçª #theanchor #QuizNight #PubQuiz #StanwellMoor #MidweekFun #PancakeDay‚Ä¶
See the link in our bio for details."
facebook,story,scheduled,2026-02-01T07:00:00+00:00,Quiz Night Story,2026-01-19T21:36:04.637+00:00,
instagram,story,scheduled,2026-02-01T07:00:00+00:00,Quiz Night Story,2026-01-19T21:36:06.141+00:00,
facebook,feed,posted,2026-02-02T07:00:00+00:00,Private Hire Promotion,,"Planning a milestone celebration, family gathering, or work party in 2026? Book your event at we by 28 February and we‚Äôll kick things off with 4 free bottles of prosecco ü•Ç. Perfect for groups of 30 or more, our flexible spaces and welcoming atmosphere make every occasion special. Deposits must be paid in full by 28 Feb to secure your date and claim this offer. Dates are already booking fast‚Äîdon‚Äôt miss out! DM us to check your date or call 01753 682707 for a quick quote. T&Cs: New 2026 bookings only. Min 30 guests. Deposit must be paid by 28 Feb 2026 to qualify. Subject to availability. No cash alternative. #theanchor #PrivateHire #PartyPlanning
Learn more: https://vip-club.uk/4zdglj."
instagram,feed,posted,2026-02-02T07:00:00+00:00,Private Hire Promotion,,"Planning a milestone, family gathering or work party for 2026? Book your party at we by 28 Feb and we‚Äôll pop open 4 FREE bottles of prosecco to get the celebrations flowing ü•Ç Flexible spaces, free parking, and a team that cares about making your event seamless. Minimum 30 guests with deposit paid by 28 Feb to qualify. DM us to check your date. Details in bio.
See the link in our bio for details.
#theanchor #partybooking #2026events #celebrations #stanwellmoor #prosecco #eventspace #familygathering #workparty #milestoneparty."
facebook,feed,posted,2026-02-02T07:00:00+00:00,Quiz Night - February 4th 2026,,"This Wednesday (4 February), the February edition of our Quiz Night is back! Arrive from 6:45pm, be seated by 6:55pm, and get ready to test your wits from 7pm sharp. With rounds inspired by Valentine‚Äôs, Pancake Day, and seasonal fun, it‚Äôs a proper laugh for teams of up to six. Entry‚Äôs just ¬£3 per person (cash only for the quiz). Fancy a bite? Our kitchen‚Äôs open 6pm‚Äì9pm. Whether you‚Äôre flying solo or with mates, we‚Äôll help you find a team. Prizes include a ¬£25 bar voucher and a cheeky bottle of wine! Book now to secure your spot‚Äîwalk-ins welcome but we recommend booking. See you at we for a cracking night! #theanchor #quiznight #StanwellMoor
Book now: https://vip-club.uk/fb69cc15."
instagram,feed,posted,2026-02-02T07:00:00+00:00,Quiz Night - February 4th 2026,,"This Wednesday (4 February) at 7pm, join us for our February Quiz Night!
A fun evening packed with seasonal questions, a cheeky mini challenge, and prizes to keep you on your toes.
Arrive by 6:55pm, bring your mates (or join a team here) and enjoy great food before or during the quiz. Entry ¬£3 per person (cash only). Walk-ins welcome but booking‚Äôs best! Book now ‚Äî details in bio. #theanchor #pubquiz #stanwellmoor‚Ä¶
See the link in our bio for details."
facebook,story,scheduled,2026-02-02T07:00:00+00:00,Quiz Night Story,2026-01-19T21:36:17.542+00:00,
instagram,story,scheduled,2026-02-02T07:00:00+00:00,Quiz Night Story,2026-01-19T21:36:19.445+00:00,
instagram,feed,posted,2026-02-03T07:00:00+00:00,Music Bingo,,"Get ready for a cracking night of Music Bingo on Wednesday 11 February at 7pm! With nearly 200 songs from the ‚Äô50s to today, sing along, have a laugh, and win some brilliant prizes ‚Äî from chocolate bars to ¬£10 food vouchers, and a full house wins a beautiful bottle of Prosecco! Bring the family, mates, or just yourself for an unforgettable midweek treat. Book now ‚Äî details in bio. #theanchor #musicbingo‚Ä¶
See the link in our bio for details."
facebook,feed,posted,2026-02-03T07:00:00+00:00,Music Bingo,,"Ready for a midweek treat? Join us at we on Wednesday 11 February at 7pm for Music Bingo‚Äîa lively mix of nearly 200 tunes from the ‚Äô50s to today. Whether you‚Äôre here to win a bar of chocolate, a ¬£10 food voucher, or a bottle of Prosecco, there‚Äôs fun for all ages and every taste. Share stone-baked pizzas, sing along, and enjoy a brilliant evening out. Spaces fill fast, so book now to secure your spot and make it a night to remember! #theanchor #MusicBingo #MidweekFun
Book now: https://vip-club.uk/fb8fbe16."
instagram,story,posted,2026-02-03T07:00:00+00:00,Music Bingo Story,,
facebook,story,posted,2026-02-03T07:00:00+00:00,Music Bingo Story,,
facebook,feed,posted,2026-02-04T07:00:00+00:00,Quiz Night - February 4th 2026,,"Tonight‚Äôs the night ‚Äì our February Quiz Night kicks off at 7pm sharp! Arrive from 6:45pm and be seated by 6:55pm to secure your spot for a fun evening of Valentine‚Äôs, Pancake Day, and all things seasonal. Whether you‚Äôre a team of six, coming solo, or in pairs, we‚Äôll help you join in the fun. Entry is just ¬£3 per person (cash only), and our kitchen‚Äôs open from 6pm‚Äì9pm if you fancy some food before or during the quiz. Prizes, spot giveaways, and plenty of laughs await. Don‚Äôt miss out ‚Äì book now and join us for a cracking night at we! #theanchor #PubQuiz #StanwellMoor
Book now: https://vip-club.uk/fb69cc15."
instagram,feed,posted,2026-02-04T07:00:00+00:00,Quiz Night - February 4th 2026,,"Tonight‚Äôs the night! Our February Quiz Night kicks off at 7pm sharp. Arrive by 6:55pm to get seated and join the fun ‚Äî whether you‚Äôre flying solo or bringing mates, we‚Äôve got your team sorted. Enjoy themed rounds, a mini phone challenge, and prizes galore. Fancy a bite before the quiz? Kitchen‚Äôs open from 6pm. Last chance to sign up ‚Äî book now. Details in bio to book. #theanchor #quiznight #pubquiz #StanwellMoor‚Ä¶
See the link in our bio for details."
instagram,story,posted,2026-02-04T07:00:00+00:00,Quiz Night Story,,
facebook,story,posted,2026-02-04T07:00:00+00:00,Quiz Night Story,,
instagram,feed,posted,2026-02-05T07:00:00+00:00,Cash Bingo,,"Eyes down for Cash Bingo at we on Wednesday 18 February, 7pm! Ten thrilling games, spot prizes, and a chance at the Game 10 Cash Jackpot await. Bring a mate, grab your dabbers, and enjoy an electric night with good company and great fun. Book early to secure your seat‚Äîthese go fast! Book now.
Details in bio. #theanchor #cashbingo #bingo #midweekfun #jackpot #pubnight #winbig #bingo2026 #bingojoy #nightout.
Book now via the link in our bio."
facebook,feed,posted,2026-02-05T07:00:00+00:00,Cash Bingo,,"Eyes down on Wednesday 18 February at 7pm for a lively Cash Bingo Night here at we! Ten exciting games, spot prizes, and two jackpots up for grabs ‚Äî including our special Snowball for eligible players. Bring a mate, grab a drink, and settle in for an evening full of laughter and cheers. Seats are limited and go fast, so book now to secure your place. Kitchen open from 4pm if you want to make a night of it with dinner beforehand. Don‚Äôt miss out on the best midweek fun in town! #theanchor #BingoNight #MidweekFun
Book now: https://vip-club.uk/fb01cb76."
facebook,feed,scheduled,2026-02-06T07:00:00+00:00,Sunday Lunch Last Call,,"Sunday Lunch Last Call ‚Äî Week 4 is here! Our sumptuous Sunday roasts are all cooked fresh to order, featuring triple herb-crusted roast potatoes, fluffy Yorkshire puddings, fresh seasonal vegetables, and our signature gravy. To enjoy this classic feast, please remember to place your pre-order by 1pm on Saturday. Don‚Äôt worry if you miss out‚Äîour regular menu is packed with delicious pub favourites to tempt your taste buds. Tables of under six can reserve without a deposit, while larger groups require just a ¬£5 per head deposit. Gather your loved ones and make Sunday special with us undefined. Secure your Sunday lunch with us today! #theanchor #SundayLunch #RoastDinner
Learn more: https://www.the-anchor.pub/."
instagram,feed,scheduled,2026-02-06T07:00:00+00:00,Sunday Lunch Last Call,,"Sunday Lunch Last Call ‚Äî Week 4 is here! Our Sunday lunches are cooked fresh to order, featuring triple herb crusted roasties, fluffy Yorkshire puddings, fresh veg, and our signature gravy ‚Äì a true classic undefined. Remember to pre-order by 1pm Saturday to avoid disappointment. Tables over six require a ¬£5 per head deposit. Join us this Sunday for a feast or choose from our regular menu. Check the link in‚Ä¶
See the link in our bio for details."
facebook,feed,scheduled,2026-02-07T07:00:00+00:00,Toby Urguhart Valentines Day,,"Just one week to go until Toby Urquhart brings his soulful vocals to The Anchor for our Valentine‚Äôs Party Night! Join us next Saturday, 14 February, from 8pm for a proper Saturday party ‚Äî perfect for couples, mates, families, or anyone up for a brilliant night out. Enjoy live music from 8‚Äì10pm, followed by party tunes until midnight. Book a table from 6pm to dine on our full menu, with a pizza-only Late Menu from 9pm if you fancy food later. Prosecco bottles at ¬£19.99 make it an even sweeter night. Entry is free, no tickets needed. Early bookings recommended! Find out more. #theanchor #liveattheanchor #valentinesparty
Find out more: https://vip-club.uk/fbd21c5e."
instagram,feed,scheduled,2026-02-07T07:00:00+00:00,Toby Urguhart Valentines Day,,"Valentine‚Äôs Day undefined is just one week away! Join us next Saturday 14 February from 8pm for live music with Toby Urquhart, delicious food, and a lively party atmosphere. Whether you‚Äôre coming with your other half, mates, or family, everyone‚Äôs welcome to celebrate with us. Free entry, tables from 6pm (last booking 8:30pm), and prosecco bottles at ¬£19.99! Find out more.
Find out more via the link in our bio.
#theanchor #valentinesday #livemusic #stanwellmoor #surrey #weekendvibes #partytime #prosecco #pizzanight #acoustic."
instagram,feed,scheduled,2026-02-08T07:00:00+00:00,Music Bingo,,"This Wednesday (11 February), join us undefined for Music Bingo from 7pm! Sing along to nearly 200 songs from the 50s to today and enjoy cracking prizes like Prosecco, food vouchers, and chocolate. Two games mean twice the fun ‚Äî family-friendly and full of laughs. Fancy a bite? Our stone-baked pizzas and full menu will be ready from 4pm to 9pm. Book now ‚Äî details in bio. #theanchor #MusicBingo #FamilyFun #MidweekTreat‚Ä¶
See the link in our bio for details."
facebook,feed,scheduled,2026-02-08T07:00:00+00:00,Music Bingo,,"This Wednesday (11 February), join us undefined for Music Bingo Night! We‚Äôre playing a lively mix of nearly 200 songs from the 1950s to today, with two games where you can win chocolate, a ¬£10 food voucher, or a bottle of Prosecco. Bring the whole family for a fun, sing-along evening in a warm, friendly atmosphere. Our stone-baked pizzas and full menu are available from 4pm to 9pm to keep you fuelled. Spaces fill up fast‚Äîbook now to secure your spot or just pop in if we‚Äôve got room. See you for a cracking night of tunes and prizes! #theanchor #musicbingo #midweekfun
Book now: https://vip-club.uk/fb8fbe16."
facebook,feed,scheduled,2026-02-09T07:00:00+00:00,Music Bingo,,"This Wednesday (11 February), join us for Music Bingo undefined ‚Äî a lively evening packed with nearly 200 tunes from the 1950s to today. Sing along, have a laugh, and enjoy three chances to win in each game: from chocolate, to a ¬£10 food voucher, to a bottle of Prosecco! Our stone-baked pizzas and full menu will be available from 4pm‚Äì9pm, so make a proper night of it. All ages welcome ‚Äî bring the whole gang for a fun midweek treat. Book now to secure your spot or simply pop in if there‚Äôs space. Let‚Äôs make Wednesday a night to remember! #theanchor #musicbingo #winbig
Book now: https://vip-club.uk/fb8fbe16."
instagram,feed,scheduled,2026-02-09T07:00:00+00:00,Music Bingo,,"This Wednesday (11 February), join us for Music Bingo at 7pm ‚Äî it‚Äôs game on with tunes from the ‚Äò50s right through to today! Mark your cards, sing along, and enjoy the chance to win chocolate, food vouchers, or a bottle of Prosecco. Fancy something to eat? Our stone-baked pizzas and full menu are served from 4pm to 9pm. Book now to secure your spot or just pop in if there‚Äôs space.‚Ä¶
See the link in our bio for details."
facebook,feed,scheduled,2026-02-09T07:00:00+00:00,Private Hire Promotion,,"Planning a big celebration in 2026? Book early with us and enjoy 4 free bottles of prosecco to kick off your party in style ü•Ç. Whether it‚Äôs a milestone birthday, family gathering, or corporate event, we‚Äôve got flexible spaces for 10‚Äì200 guests, free parking, and step-free access. Secure your date with a deposit by 28 February and let us help make it unforgettable. DM us to check your date or call 01753 682707 for a quick quote. T&Cs: New 2026 bookings only. Min 30 guests. Deposit must be paid by 28 Feb 2026 to qualify. Subject to availability. No cash alternative. #theanchor #PartyWithUs #CelebrateTogether
Learn more: https://vip-club.uk/4zdglj."
instagram,feed,scheduled,2026-02-09T07:00:00+00:00,Private Hire Promotion,,"Planning a big celebration in 2026? Book your party with us before 28 February and we‚Äôll treat you to 4 FREE bottles of prosecco to get the festivities flowing ü•Ç With flexible spaces for 30 to 200 guests, free parking, and expert event support, we is your ideal choice. DM us to check your date or call 01753 682707 for a quick quote. T&Cs apply. Details in bio. #theanchor #PrivateHire #Party2026 #ProseccoOnUs‚Ä¶
See the link in our bio for details."
instagram,story,scheduled,2026-02-10T07:00:00+00:00,Music Bingo,,
facebook,story,scheduled,2026-02-10T07:00:00+00:00,Music Bingo,,
facebook,story,scheduled,2026-02-11T07:00:00+00:00,Music Bingo,,
instagram,story,scheduled,2026-02-11T07:00:00+00:00,Music Bingo,,
facebook,feed,scheduled,2026-02-11T07:00:00+00:00,Music Bingo,,"It‚Äôs Music Bingo night undefined ‚Äî happening tonight from 7pm! Join us for two rounds of sing-along fun with songs from the ‚Äô50s to today, plenty of prizes to win, and a family-friendly atmosphere. Whether you‚Äôre here to compete or just enjoy the tunes, there‚Äôs something for everyone. Fancy dinner? Our stone-baked pizzas and full menu are served until 9pm. Spots are filling fast, so don‚Äôt miss out ‚Äî book now or just pop in if there‚Äôs room. Let‚Äôs make tonight one to remember! #theanchor #MusicBingo #FamilyFun
Book now: https://vip-club.uk/fb8fbe16."
instagram,feed,scheduled,2026-02-11T07:00:00+00:00,Music Bingo,,"Music Bingo is happening tonight at 7pm! üé∂ Join us for two rounds of fun with tunes from the ‚Äô50s to today. Mark off your cards as you listen, and you could win chocolate, food vouchers, or even a bottle of Prosecco! Perfect for all ages and families. Fancy some stone-baked pizza or a pint while you play? Our kitchen‚Äôs open till 9pm. Book now to secure your spot ‚Äî details in‚Ä¶
See the link in our bio for details."
facebook,feed,scheduled,2026-02-11T07:00:00+00:00,Toby Urguhart Valentines Day,,"Only 3 days to go until our Toby Urquhart Valentines Day party this Saturday, 14 February! Join us undefined from 6pm for dinner or just grab a drink and enjoy live acoustic classics from 8pm. Whether you‚Äôre with your loved one, mates, or family, it‚Äôs a night for everyone‚Äîfree entry, no tickets needed. Stick around after the music for party tunes until midnight, and don‚Äôt miss our prosecco bottles at ¬£19.99. Tables book up to 8:30pm, so if you want to dine, it‚Äôs best to reserve. Find out more and make the most of this brilliant start to our 2026 live music nights. #theanchor
Find out more: https://vip-club.uk/fbd21c5e."
instagram,feed,scheduled,2026-02-11T07:00:00+00:00,Toby Urguhart Valentines Day,,"Just 3 days to go until Toby Urquhart‚Äôs Valentine‚Äôs Party Night this Saturday, 14 February! Live music from 8pm, full menu from 6pm, then a pizza-only Late Menu from 9pm.
Free entry, party tunes till midnight, and Prosecco bottles for ¬£19.99 on the night. Couples, mates, families‚Äîeveryone‚Äôs welcome for a proper Saturday night out. Find out more.
Find out more via the link in our bio.
#theanchor #LiveAtTheAnchor #ValentinesDay #StanwellMoor #SurreyEvents #LiveMusic #PartyNight #Prosecco #PizzaNight #SatNightVibes."
facebook,feed,scheduled,2026-02-12T07:00:00+00:00,Cash Bingo,,"Ready for a midweek treat? Our Cash Bingo Night is back next Wednesday, 18 February at 7pm! Ten lively games, spot prizes, and the chance to win the Game 10 Cash Jackpot ‚Äî everyone‚Äôs in with a shot. Plus, eligible players can play for the Snowball. Bring a mate, grab a seat early (¬£10 per bingo book, cash only on the night), and let‚Äôs make it a night full of laughs and cheers. Our kitchen‚Äôs open from 4pm for dinner beforehand. Spaces fill fast, so book now to avoid missing out. See you undefined for bingo and banter! #theanchor #CashBingo #BingoNight
Book now: https://vip-club.uk/fb01cb76."
instagram,feed,scheduled,2026-02-12T07:00:00+00:00,Cash Bingo,,"Next Wednesday, 18 February at 7pm, join us for Cash Bingo Night undefined! Ten games, spot prizes, and the chance to win the Game 10 Cash Jackpot. Bring a mate, book your seat early ‚Äî ¬£10 per book, cash only. The Snowball‚Äôs in play for eligible players, too. Doors open early if you fancy a meal before the fun starts. Book now ‚Äî a full house makes for the best night‚Ä¶
See the link in our bio for details."
instagram,feed,scheduled,2026-02-12T07:00:00+00:00,Toby Urguhart Valentines Day,,"Just 2 days to go until our Toby Urquhart Valentine‚Äôs Party Night this Saturday, 14 February! Join us undefined from 6pm for dinner or just drop by for live music from 8pm and party tunes until midnight. Free entry, Prosecco bottles ¬£19.99, and a warm, lively atmosphere for everyone ‚Äî couples, mates, families, all welcome! Find out more.
Find out more via the link in our bio.
#theanchor #liveattheanchor #ValentinesDay #LiveMusic #SurreyNights #StanwellMoor #SaturdayVibes."
facebook,feed,scheduled,2026-02-12T07:00:00+00:00,Toby Urguhart Valentines Day,,"Just 2 days to go until our first Live undefined night of 2026! Join us this Saturday, 14 February, for Toby Urquhart‚Äôs Valentine‚Äôs Party Night ‚Äî a proper Saturday celebration for couples, mates, families, and anyone up for a brilliant night out. Come for the full menu from 6pm, enjoy soulful classics live from 8pm‚Äì10pm, then dance along to party tunes until midnight. Prosecco bottles are just ¬£19.99 on the night, and there‚Äôs no entry fee. Book your table from 6pm to dine, or just drop in ‚Äî we‚Äôd love to see you. Find out more.
#theanchor #LiveMusic #ValentinesDay
Find out more: https://vip-club.uk/fbd21c5e."
facebook,feed,scheduled,2026-02-13T07:00:00+00:00,Sunday Lunch Last Call,,"It‚Äôs Week 5 of our Sunday Lunch last call! Don‚Äôt forget to place your orders by 1pm on Saturday to enjoy our hearty Sunday roast‚Äîtriple herb crusted roast potatoes, fluffy Yorkshire puddings, fresh vegetables, and our signature gravy. Perfect for a cosy gathering with family and friends. If you‚Äôre popping in on the day, our regular menu‚Äôs packed with classic pub favourites to satisfy any appetite. Remember, no deposit needed for groups under six, and a ¬£5 deposit per head applies for larger parties. Treat yourself this Sunday‚Äîpre-order online and let us take care of the rest. We look forward to welcoming you! #theanchor #SundayLunch #ClassicPubFood
Learn more: https://www.the-anchor.pub/."
instagram,feed,scheduled,2026-02-13T07:00:00+00:00,Sunday Lunch Last Call,,"Sunday Lunch Last Call ‚Äî Week 5 is here! Our Sunday Lunch is a beloved classic undefined, featuring triple herb crusted roast potatoes, fluffy Yorkshire puddings, fresh vegetables, and our signature gravy ‚Äî all cooked fresh to order. Remember, orders must be in by 1pm on Saturday to enjoy the full Sunday roast experience. No deposit needed for under six; ¬£5 per head for bigger groups. Fancy something else? Our regular‚Ä¶
See the link in our bio for details."
facebook,story,scheduled,2026-02-13T07:00:00+00:00,Toby Urguhart Story,,
instagram,story,scheduled,2026-02-13T07:00:00+00:00,Toby Urguhart Story,,
facebook,story,scheduled,2026-02-14T07:00:00+00:00,Toby Urguhart Story,,
instagram,story,scheduled,2026-02-14T07:00:00+00:00,Toby Urguhart Story,,
facebook,feed,scheduled,2026-02-14T07:00:00+00:00,Toby Urguhart Valentines Day,,"Today‚Äôs the day! Join us undefined from 8pm for Toby Urquhart‚Äôs Valentine‚Äôs Party Night ‚Äì the first Live undefined evening of 2026. Whether you‚Äôre here with your loved one, friends, or family, expect soulful tunes, great food, and plenty of fun. Our kitchen opens at 6pm with the full menu until 9pm, then we switch to a speedy pizza-only Late Menu until 10:30pm. Prosecco bottles are just ¬£19.99 all night. Free entry, no tickets needed. Come as you are ‚Äì or dress up and make a night of it. Walk-ins welcome, but why not book your table earlier? Find out more. #theanchor #LiveAtTheAnchor #ValentinesDay
Find out more: https://vip-club.uk/fbd21c5e."
instagram,feed,scheduled,2026-02-14T07:00:00+00:00,Toby Urguhart Valentines Day,,"Today‚Äôs the day! Join us undefined from 8pm for Toby Urquhart‚Äôs Valentine‚Äôs Party Night üé∂ Whether you‚Äôre coming with your other half, mates, family, or flying solo, it‚Äôs a brilliant Saturday night out with live music, food, drinks, and party vibes until midnight. Full kitchen open 6‚Äì9pm, then pizza from 9‚Äì10:30pm. Prosecco bottles just ¬£19.99 on the night. Free entry, no tickets needed. Find out more.
Find out more via the link in our bio.
#theanchor #ValentinesDay #LiveMusic #StanwellMoor #SurreyNights #PartyNight #PizzaLovers #Prosecco #SaturdayNight."
instagram,feed,scheduled,2026-02-15T07:00:00+00:00,Cash Bingo,,"This Wednesday (18 February), join us for Cash Bingo Night undefined! Ten lively games, loads of laughs, and plenty of chances to win cash and spot prizes. ¬£10 per book (cash only), seats are limited and going fast. Bring a mate and double your chances! Eyes down at 7pm ‚Äî don‚Äôt miss out on the Snowball and the Game 10 jackpot. Book now. Details in bio. #theanchor #cashbingo #bingonight #midweekfun #jackpot‚Ä¶
See the link in our bio for details."
facebook,feed,scheduled,2026-02-15T07:00:00+00:00,Cash Bingo,,"Eyes down this Wednesday, 18 February, for a cracking night of Cash Bingo undefined! From 7pm till 9:30pm, enjoy ten games packed with laughs, spot prizes, and two jackpots to chase ‚Äì including the Game 10 Cash Jackpot, open to all, plus the exclusive Snowball for qualifying players. Seats are limited and going fast, so book now to guarantee your place. Come early for a bite from the kitchen (open until 9pm) and settle in for a lively night of fun with friends. Don‚Äôt forget your cash for bingo books and dabbers, and bring a mate to double your chances when the jackpot hits! #theanchor #BingoNight #CashJackpot
Book now: https://vip-club.uk/fb01cb76."
facebook,feed,scheduled,2026-02-16T07:00:00+00:00,Private Hire Promotion,,"Planning a big celebration in 2026? Book your party with us by 28 February and we‚Äôll kick things off with 4 bottles of prosecco on the house ü•Ç. Whether it‚Äôs a milestone birthday, a family gathering, or a work party, our flexible spaces accommodate 30 to 200 guests with plenty of free parking and step-free access. Secure your preferred date with a deposit by the deadline to enjoy this sparkling offer. Dates are filling fast ‚Äî don‚Äôt miss out! DM us to check your date or call 01753 682707 for a quick quote. T&Cs: New 2026 bookings only. Min 30 guests. Deposit must be paid by 28 Feb 2026 to qualify. Subject to availability. No cash alternative. #theanchor #PrivateHire #ProseccoCelebration
Learn more: https://vip-club.uk/4zdglj."
instagram,feed,scheduled,2026-02-16T07:00:00+00:00,Private Hire Promotion,,"Planning a big celebration in 2026? Book your party with us by 28 Feb and we‚Äôll kick things off with 4 free bottles of prosecco ü•Ç Perfect for milestone birthdays, family gatherings, or work events. Minimum 30 guests. Deposit must be paid by 28 Feb to qualify. Dates are filling fast ‚Äî DM us to check yours! T&Cs apply. Details in bio.
See the link in our bio for details.
#theanchor #privatehire #partytime #celebrate #prosecco #milestoneparty #familygathering #corporateevents #StanwellMoor."
instagram,feed,scheduled,2026-02-17T07:00:00+00:00,Cash Bingo,,"Eyes down tomorrow at 7pm for our midweek Cash Bingo Night! Ten games, spot prizes, and a chance at the Game 10 jackpot ‚Äî all in a lively, full room. Limited seats left, so don‚Äôt miss out! ¬£10 per bingo book (cash only). Bring a mate to double the fun and your odds. Book now and get ready for a brilliant night undefined. Details in bio to book. #theanchor #CashBingo #BingoNight‚Ä¶
See the link in our bio for details."
facebook,feed,scheduled,2026-02-17T07:00:00+00:00,Cash Bingo,,"Tomorrow‚Äôs the night for Cash Bingo undefined! Join us Wednesday 18 February from 7pm for ten lively games, spot prizes, and plenty of laughs. Seats are limited and going fast‚Äîbook early to avoid missing out. Bring a mate to double your cheers, enjoy the Cash Snowball (for eligible players), and go all in for the Game 10 Cash Jackpot, open to everyone. Arrive early for dinner and drinks‚Äîour kitchen is open until 9pm. Don‚Äôt forget your cash for bingo books and dabbers, and keep mobiles on silent so every call is clear. Let‚Äôs make it a night to remember! Book now to secure your spot. #theanchor #CashBingo #BingoNight
Book now: https://vip-club.uk/fb01cb76."
facebook,story,scheduled,2026-02-17T07:00:00+00:00,Cash Bingo Story,,
instagram,story,scheduled,2026-02-17T07:00:00+00:00,Cash Bingo Story,,
instagram,feed,scheduled,2026-02-18T07:00:00+00:00,Cash Bingo,,"Tonight‚Äôs the night! Join us from 7pm for Cash Bingo undefined ‚Äî ten games, spot prizes, and jackpots up for grabs. ¬£10 per book (cash only), so book your seat now before we sell out. Bring a mate and double your cheering chances! Dinner‚Äôs served until 9pm if you want to fuel up beforehand. Book now ‚Äî details in bio. #theanchor #CashBingo #BingoNight #MidweekFun #Jackpot #BingoJackpot #Snowball #PubNight #CommunityFun #BookNow.
Book now via the link in our bio."
facebook,feed,scheduled,2026-02-18T07:00:00+00:00,Cash Bingo,,"Eyes down tonight at 7pm for our Cash Bingo Night! Ten games packed with prizes, laughs, and the chance to bag the Game 10 Cash Jackpot or the elusive Snowball. Bring a mate, grab some dinner from 4pm to 9pm, and settle in for a proper night of fun undefined. ¬£10 per bingo book‚Äîcash only, so don‚Äôt miss your spot! Book now before we sell out. Let‚Äôs make tonight loud and lively! #theanchor #bingo #cashbingo
Book now: https://vip-club.uk/fb01cb76."
facebook,story,scheduled,2026-02-18T07:00:00+00:00,Cash Bingo Story,,
instagram,story,scheduled,2026-02-18T07:00:00+00:00,Cash Bingo Story,,
facebook,feed,scheduled,2026-02-20T07:00:00+00:00,Sunday Lunch Last Call,,"Sunday Lunch Last Call ‚Äî Week 6 is here! Our fresh, made-to-order Sunday lunches are still the ultimate treat, featuring triple herb-crusted roasties, fluffy Yorkshire puddings, fresh veggies, and our signature gravy. Don‚Äôt forget, all lunch orders must be in by 1pm this Saturday to secure your spot. If you‚Äôre popping in on Sunday without a pre-order, our regular menu of hearty pub classics is ready and waiting. For tables over six, a ¬£5 per head deposit is required; under six, there‚Äôs no deposit needed. Fancy a truly memorable Sunday? Pre-order your lunch on our website today and let us do the rest! #theanchor #SundayLunch #PubClassics
Learn more: https://www.the-anchor.pub/."
instagram,feed,scheduled,2026-02-20T07:00:00+00:00,Sunday Lunch Last Call,,"Sunday Lunch Last Call ‚Äî Week 6 is here! Our fresh, flavour-packed Sunday roasts are served with triple herb crusted roasties, fluffy Yorkshire puddings, crisp veg and our signature gravy. Remember, all Sunday lunch orders need to be in by 1pm Saturday to avoid disappointment. Fancy the regular menu? We‚Äôve got you covered there, too! Pop on over to the link in our bio to pre-order or book your table. #theanchor #SundayRoast #FamilyLunch #PubClassics #RoastDinner #YorkshirePudding #SundayFunday #FreshFood #GoodCompany #LinkInBio."
facebook,feed,scheduled,2026-02-23T07:00:00+00:00,Private Hire Promotion,,"Planning a big celebration for 2026? Book your party with us by 28 February and we‚Äôll kick things off with 4 bottles of prosecco ‚Äì on the house ü•Ç. Whether it's a milestone birthday, family gathering, or corporate event, we have the perfect space and support to make your day unforgettable. Remember, dates are filling fast! Minimum 30 guests and deposit paid by 28 Feb required. DM us to check your date or call 01753 682707 for a quick quote. T&Cs apply. #theanchor #PrivateHire #PartyTime
Learn more: https://vip-club.uk/4zdglj."
instagram,feed,scheduled,2026-02-23T07:00:00+00:00,Private Hire Promotion,,"Planning a big 2026 celebration? Book your party with us by 28 Feb and we‚Äôll kick things off with 4 FREE bottles of prosecco ü•Ç Whether it‚Äôs a milestone birthday, family gathering, or work event, we‚Äôve got the perfect space for 30+ guests. Deposit must be paid by 28 Feb to secure your date and the bubbles. DM us to check your date. Details in bio. #theanchor #PrivateHire #PartyBooking #ProseccoOnUs #MilestoneCelebrations #FamilyGatherings‚Ä¶
See the link in our bio for details."